City_ID,City,Lat,Lng,Max Temp,Humidity,Cloudiness,Wind Speed,Country,Date
0,tolanaro,-25.0319,46.9987,74.16,81,0,10.58,MG,1732331318
1,naze,28.3667,129.4833,66.81,56,3,12.64,JP,1732331319
2,ayr,55.4627,-4.6339,35.58,94,100,13.8,GB,1732331285
3,al ghayzah,16.2079,52.176,74.62,76,83,5.01,YE,1732331321
4,utrik,11.2278,169.8474,82.96,79,36,20.15,MH,1732331323
5,salym,60.0625,71.4789,20.35,88,30,8.39,RU,1732331324
6,grytviken,-54.2811,-36.5092,42.33,69,52,3.18,GS,1732331325
7,anadyr,64.75,177.4833,28.9,80,100,11.18,RU,1732331326
8,vadso,70.0744,29.7487,32.16,86,100,28.77,NO,1732331327
9,tiksi,71.6872,128.8694,0.45,97,100,2.91,RU,1732331329
10,coquimbo,-29.9533,-71.3436,56.93,94,0,3.44,CL,1732331155
11,edinburgh of the seven seas,-37.0676,-12.3116,52.9,74,70,21.18,SH,1732331331
12,yellowknife,62.456,-114.3525,1.56,84,98,8.99,CA,1732331332
13,carnarvon,-24.8667,113.6333,84.0,42,0,15.52,AU,1732331333
14,goniri,11.4833,12.3144,63.64,25,33,6.35,NG,1732331334
15,port-aux-francais,-49.35,70.2167,39.11,83,100,14.56,TF,1732331336
16,gamay,12.3854,125.2979,84.79,70,82,7.85,PH,1732331337
17,ramnagar,29.4,79.1167,63.55,50,1,2.37,IN,1732331338
18,zbarazh,49.6636,25.7762,27.97,94,100,17.36,UA,1732331339
19,blackmans bay,-43.0167,147.3167,77.74,51,100,1.01,AU,1732331340
20,aasiaat,68.7098,-52.8699,3.15,80,84,11.95,GL,1732331342
21,rumphi,-11.0186,33.8575,66.88,74,11,3.27,MW,1732331343
22,olonkinbyen,70.9221,-8.7187,24.33,58,98,14.5,SJ,1732331344
23,wailua homesteads,22.0669,-159.378,75.99,69,0,9.22,US,1732331345
24,east london,-33.0153,27.9116,69.87,75,5,15.39,ZA,1732331346
25,bull savanna,17.8868,-77.5902,75.15,70,68,2.64,JM,1732331348
26,antonio enes,-16.2325,39.9086,76.06,81,18,5.53,MZ,1732331349
27,albany,42.6001,-73.9662,35.8,80,98,1.01,US,1732331326
28,ilulissat,69.2167,-51.1,8.22,67,90,8.48,GL,1732331351
29,longyearbyen,78.2186,15.6401,19.24,68,40,12.66,SJ,1732331352
30,puerto natales,-51.7236,-72.4875,41.5,73,99,15.59,CL,1732331354
31,tehran,35.6944,51.4215,49.98,43,0,4.61,IR,1732331067
32,san patricio,28.017,-97.5169,58.95,57,3,7.56,US,1732331357
33,adamstown,-25.066,-130.1015,73.51,87,100,14.45,PN,1732331358
34,happy valley-goose bay,53.3168,-60.3315,28.71,100,100,4.61,CA,1732331360
35,flying fish cove,-10.4217,105.6791,82.06,80,100,15.08,CX,1732331361
36,puerto ayora,-0.7393,-90.3518,72.55,86,29,7.0,EC,1732331362
37,sao gabriel da cachoeira,-0.1303,-67.0892,73.72,99,100,1.3,BR,1732331184
38,assai,-23.3733,-50.8414,71.46,69,68,10.8,BR,1732331366
39,la passe,45.5549,-0.8967,43.48,80,86,17.81,FR,1732331367
40,atafu village,-8.5421,-172.5159,83.98,72,53,16.06,TK,1732331368
41,waitangi,-43.9535,-176.5597,52.83,78,60,15.99,NZ,1732331369
42,colonia,50.9333,6.95,36.25,87,0,5.75,DE,1732331370
43,avarua,-21.2078,-159.775,78.85,65,95,13.8,CK,1732331372
44,bredasdorp,-34.5322,20.0403,58.53,82,100,5.03,ZA,1732331373
45,papatowai,-46.5619,169.4708,51.91,55,78,12.39,NZ,1732331374
46,maturin,9.75,-63.1767,80.44,100,72,5.75,VE,1732331375
47,ghat,24.9647,10.1728,61.59,40,10,6.24,LY,1732331376
48,iqaluit,63.7506,-68.5145,26.33,93,100,11.5,CA,1732331378
49,zhigalovo,54.8097,105.1578,20.71,79,100,11.27,RU,1732331379
50,west island,-12.1568,96.8225,78.78,94,75,17.27,CC,1732331380
51,port elizabeth,-33.918,25.5701,66.31,87,25,3.0,ZA,1732331381
52,college,64.8569,-147.8028,8.08,85,40,3.44,US,1732331315
53,ust-nera,64.5667,143.2,-22.97,96,54,4.38,RU,1732331384
54,sant lluis,39.8526,4.2594,52.2,66,0,5.75,ES,1732331385
55,bethel,41.3712,-73.414,40.91,88,100,4.61,US,1732331243
56,timmins,48.4669,-81.3331,38.37,97,100,6.44,CA,1732331387
57,bilibino,68.0546,166.4372,-8.99,95,98,3.51,RU,1732331388
58,kone,-21.0595,164.8658,85.84,51,100,3.96,NC,1732331097
59,iskateley,67.6803,53.1512,28.35,87,100,22.03,RU,1732331391
60,kamaishi,39.2667,141.8833,49.64,45,31,9.46,JP,1732331229
61,gamba,-2.65,10.0,74.44,93,99,2.19,GA,1732331393
62,el hadjira,32.6134,5.5126,59.41,60,60,7.02,DZ,1732331394
63,georgetown,5.4112,100.3354,85.95,66,20,5.99,MY,1732331396
64,kongsvinger,60.1905,11.9977,16.0,79,72,2.68,NO,1732331397
65,sumbe,-11.2061,13.8437,75.97,91,100,3.4,AO,1732331398
66,ushuaia,-54.8,-68.3,44.26,87,75,13.8,AR,1732331391
67,isafjordur,66.0755,-23.124,25.25,80,89,15.19,IS,1732331356
68,rikaze,29.25,88.8833,33.57,46,0,2.82,CN,1732331403
69,hamilton,39.1834,-84.5333,44.78,90,100,18.41,US,1732331404
70,stanley,54.868,-1.6985,30.22,93,100,1.14,GB,1732331405
71,sitka,57.0531,-135.33,40.89,30,0,9.22,US,1732331406
72,afaahiti,-17.75,-149.2833,76.69,85,47,12.57,PF,1732331408
73,jalalaqsi,3.3766,45.5996,75.69,87,97,6.26,SO,1732331410
74,ca mau,9.1769,105.15,86.4,65,99,9.13,VN,1732331411
75,leava,-14.3,-178.1667,81.28,82,100,19.33,WF,1732331412
76,nar'yan-mar,67.6713,53.087,28.13,87,100,22.08,RU,1732331414
77,dolores,-36.3132,-57.6792,62.13,88,0,11.1,AR,1732331202
78,crane,31.3974,-102.3501,58.44,43,0,10.47,US,1732331416
79,beli,7.8587,10.9719,70.74,45,9,1.12,NG,1732331417
80,jamestown,42.097,-79.2353,41.02,96,100,10.36,US,1732331419
81,yuzhno-kurilsk,44.0306,145.8556,38.41,70,100,25.88,RU,1732331420
82,ribeira grande,38.5167,-28.7,68.77,90,100,24.0,PT,1732331421
83,sao joaquim,-28.2939,-49.9317,53.11,99,99,2.66,BR,1732331422
84,pemangkat,1.1667,108.9667,83.5,74,57,1.74,ID,1732331424
85,wynyard,-41.0,145.7167,63.1,69,100,5.55,AU,1732331425
86,afif,23.9065,42.9172,68.34,22,100,17.22,SA,1732331426
87,leribe,-28.8718,28.045,57.49,70,0,1.5,LS,1732331427
88,guangyuan,32.442,105.823,54.84,80,100,3.2,CN,1732331428
89,punta del este,-34.9667,-54.95,64.51,94,0,10.36,UY,1732331429
90,taltal,-25.4,-70.4833,63.16,81,90,2.26,CL,1732331431
91,nova sintra,14.8667,-24.7167,78.39,73,42,6.73,CV,1732331432
92,sabang,5.8933,95.3214,82.35,78,100,18.05,ID,1732331433
93,kingston,17.997,-76.7936,77.16,86,80,2.01,JM,1732331434
94,enewetak,11.3474,162.3373,83.26,81,6,19.13,MH,1732331435
95,port saint john's,-31.6229,29.5448,71.26,85,7,11.81,ZA,1732331437
96,ponta pora,-22.5361,-55.7256,73.44,79,99,5.03,BR,1732331438
97,huarmey,-10.0681,-78.1522,67.19,86,56,8.37,PE,1732331439
98,holualoa,19.6228,-155.9522,75.04,86,100,4.61,US,1732331440
99,belmonte,-15.8631,-38.8828,75.79,91,95,1.61,BR,1732331441
100,hobyo,5.3505,48.5268,79.18,74,92,12.41,SO,1732331443
101,port lincoln,-34.7333,135.8667,70.56,61,100,9.37,AU,1732331307
102,okuta,9.2167,3.1833,69.67,33,5,4.94,NG,1732331445
103,tocoa,15.6833,-86.0,67.98,99,100,0.36,HN,1732331446
104,manokwari,-0.8667,134.0833,84.33,71,16,7.65,ID,1732331447
105,hailey,43.5196,-114.3153,40.8,65,100,5.99,US,1732331449
106,hilo,19.7297,-155.09,75.09,88,100,4.61,US,1732331450
107,box elder,41.5005,-112.8764,46.69,37,100,4.7,US,1732331451
108,murghob,38.1702,73.9667,8.6,80,75,4.72,TJ,1732331452
109,nantucket,41.2835,-70.0995,48.15,87,100,6.91,US,1732331453
110,chonchi,-42.6128,-73.8092,53.11,88,96,3.83,CL,1732331456
111,talnakh,69.4865,88.3972,-20.83,98,95,10.8,RU,1732331457
112,acarau,-2.8856,-40.12,78.55,74,11,10.07,BR,1732331458
113,codrington,-38.2667,141.9667,74.3,46,100,10.49,AU,1732331459
114,usinsk,65.9939,57.5281,32.65,95,100,24.29,RU,1732331461
115,ciudad lazaro cardenas,17.9583,-102.2,78.89,84,24,3.31,MX,1732331462
116,badger,64.8,-147.5333,7.99,87,20,3.44,US,1732331463
117,tura,25.5198,90.2201,70.45,68,0,1.77,IN,1732331464
118,invercargill,-46.4,168.35,56.01,65,37,13.0,NZ,1732331465
119,macapa,0.0389,-51.0664,80.58,83,0,8.05,BR,1732331466
120,whitehorse,60.7161,-135.0538,-4.97,100,98,2.01,CA,1732331350
121,trincomalee,8.5711,81.2335,81.37,78,78,9.01,LK,1732331469
122,khandyga,62.6667,135.6,-8.46,86,5,1.99,RU,1732331470
123,fort bragg,35.139,-79.006,44.44,54,0,10.36,US,1732331471
124,monopoli,40.9559,17.2896,51.64,53,0,26.33,IT,1732331472
125,saint-joseph,-21.3667,55.6167,75.58,79,20,9.98,RE,1732331474
126,yarmouth,41.7057,-70.2286,48.0,94,100,4.61,US,1732331475
127,hermanus,-34.4187,19.2345,59.81,85,82,5.41,ZA,1732331476
128,kovalam,8.3667,76.9967,80.69,89,75,2.3,IN,1732331192
129,san pedro,14.35,121.0167,88.32,73,82,5.99,PH,1732331478
130,el galpon,-25.3807,-64.6526,71.58,78,100,1.01,AR,1732331480
131,toppenish,46.3774,-120.3087,40.3,89,86,3.36,US,1732331481
132,kodiak,57.79,-152.4072,45.91,36,0,16.11,US,1732331482
133,lazaro cardenas,17.9583,-102.2,78.89,84,24,3.31,MX,1732331483
134,klyuchi,52.2667,79.1667,9.19,96,76,4.29,RU,1732331484
135,huanggang,23.677,116.9996,72.48,56,2,7.61,CN,1732331486
136,gaiman,-43.2897,-65.4929,72.09,18,98,10.98,AR,1732331487
137,hawaiian paradise park,19.5933,-154.9731,74.88,84,100,4.61,US,1732331488
138,trevelin,-43.0858,-71.4639,49.24,79,41,3.76,AR,1732331489
139,northam,51.0333,-4.2167,42.62,92,100,17.94,GB,1732331490
140,brisas de zicatela,15.8369,-97.0419,77.22,78,61,4.34,MX,1732331492
141,cabo san lucas,22.8909,-109.9124,77.76,59,0,6.91,MX,1732331369
142,arauco,-37.2463,-73.3175,54.28,95,51,3.31,CL,1732331494
143,ingenio la esperanza,-24.2255,-64.839,72.64,79,100,0.67,AR,1732331495
144,antonina,-25.4286,-48.7119,67.42,99,98,2.24,BR,1732331496
145,lakatoro,-16.0999,167.4164,81.93,76,38,8.3,VU,1732331497
146,port alfred,-33.5906,26.891,67.17,83,64,4.0,ZA,1732331499
147,iwaki,37.05,140.8833,49.55,69,13,13.06,JP,1732331500
148,fisterra,42.9049,-9.2629,60.44,90,98,26.66,ES,1732331501
149,tsiombe,-25.3,45.4833,77.88,68,0,3.69,MG,1732331235
150,pacasmayo,-7.4006,-79.5714,64.45,89,18,10.36,PE,1732331503
151,valparaiso,-33.0393,-71.6273,60.44,72,0,8.05,CL,1732331461
152,al qubbah,32.7616,22.2424,56.64,91,0,12.82,LY,1732331506
153,thompson,55.7435,-97.8558,18.52,92,98,9.4,CA,1732331507
154,kuytun,54.3419,101.5036,8.89,67,93,11.77,RU,1732331509
155,malango,-2.9627,119.9001,77.43,85,75,3.2,ID,1732331510
156,taoudenni,22.6783,-3.9836,73.09,23,13,9.84,ML,1732331512
157,harij,23.7,71.9,68.09,32,0,7.2,IN,1732331513
158,udachny,66.4167,112.4,-2.97,96,100,10.31,RU,1732331299
159,yulinshi,38.2906,109.7494,42.39,72,9,14.97,CN,1732331516
160,prince rupert,54.3161,-130.3201,33.24,66,80,9.44,CA,1732331517
161,kenai,60.5544,-151.2583,14.09,92,0,4.61,US,1732331518
162,ahar,38.4774,47.0699,40.86,74,66,4.18,IR,1732331519
163,paramonga,-10.6667,-77.8333,66.31,89,54,7.34,PE,1732331521
164,galle,6.0367,80.217,80.92,84,100,1.01,LK,1732331328
165,margaret river,-33.95,115.0667,67.55,52,1,11.16,AU,1732331465
166,lorengau,-2.0226,147.2712,84.29,73,100,3.8,PG,1732331524
167,mount gambier,-37.8333,140.7667,75.36,51,100,2.8,AU,1732331525
168,uturoa,-16.7333,-151.4333,79.48,82,25,13.18,PF,1732331527
169,palikir - national government center,6.9248,158.1611,83.14,84,100,6.91,FM,1732331371
170,tokar,18.4254,37.729,79.29,74,86,14.92,SD,1732331529
171,esmeraldas,-19.7625,-44.3139,65.91,96,100,4.03,BR,1732331530
172,aitape,-3.1374,142.3475,84.36,77,100,6.31,PG,1732331532
173,vorkuta,67.5,64.0,19.0,96,89,14.52,RU,1732331533
174,saint-philippe,-21.3585,55.7679,77.23,84,40,16.37,RE,1732331534
175,ambovombe,-25.1667,46.0833,75.58,71,1,4.7,MG,1732331535
176,mo i rana,66.3128,14.1428,20.32,86,100,0.0,NO,1732331536
177,ad dabbah,18.05,30.95,64.36,30,5,8.21,SD,1732331537
178,taunggyi,20.7833,97.0333,68.68,67,61,4.27,MM,1732331292
179,minas de marcona,-15.2119,-75.1103,59.52,84,99,10.92,PE,1732331540
180,egilsstadir,65.2653,-14.3948,17.62,98,100,0.63,IS,1732331541
181,lata,40.1629,-8.3327,51.03,95,63,4.68,PT,1732331542
182,san julian,21.0167,-102.1667,55.99,21,3,6.15,MX,1732331543
183,berriane,32.8265,3.7669,53.91,68,54,10.45,DZ,1732331545
184,magadan,59.5667,150.8,19.09,77,19,4.05,RU,1732331546
185,touros,-5.1989,-35.4608,76.95,79,33,8.97,BR,1732331547
186,buzuluk,52.7807,52.2635,38.98,81,100,12.46,RU,1732331427
187,kudahuvadhoo,2.6708,72.8944,81.88,77,88,9.37,MV,1732331549
188,kismayo,-0.3582,42.5454,78.39,86,100,7.16,SO,1732331551
189,brookings,44.3114,-96.7984,30.2,91,0,4.61,US,1732331552
190,haiku-pauwela,20.9219,-156.3051,77.02,69,20,13.0,US,1732331553
191,papao,-17.75,-149.55,83.88,83,29,13.47,PF,1732331554
192,manta,-0.95,-80.7333,73.18,78,75,11.18,EC,1732331405
193,thetford,52.4167,0.75,34.32,90,0,5.75,GB,1732331557
194,constantia,44.1833,28.65,38.08,79,100,31.27,RO,1732331282
195,jinchang,38.4953,102.1739,38.35,40,75,3.85,CN,1732331559
196,punta arenas,-53.15,-70.9167,44.71,87,75,13.8,CL,1732331560
197,gadzhiyevo,69.2551,33.3362,27.46,77,62,30.2,RU,1732331561
198,ixtapa,20.7,-105.2,78.22,89,0,3.44,MX,1732331563
199,kaa-khem,51.6833,94.7333,17.29,76,19,5.5,RU,1732331564
200,port mathurin,-19.6833,63.4167,76.33,79,14,19.71,MU,1732331565
201,hithadhoo,-0.6,73.0833,82.74,76,56,13.87,MV,1732331567
202,christchurch,-43.5333,172.6333,57.4,58,100,12.66,NZ,1732331525
203,vilyuchinsk,52.9306,158.4028,30.47,79,12,4.21,RU,1732331570
204,nemuro,43.3236,145.575,41.18,68,100,19.77,JP,1732331571
205,st. john's,47.5649,-52.7093,41.14,97,100,11.5,CA,1732331567
206,shenandoah,30.4013,-91.0009,51.89,75,0,5.61,US,1732331573
207,ezhou,30.4,114.8333,60.78,45,62,7.02,CN,1732331496
208,chernyshevskiy,63.0128,112.4714,23.67,97,100,4.79,RU,1732331576
209,bridgewater,44.3835,-64.5155,47.1,93,100,15.01,CA,1732331577
210,concepcion,-36.827,-73.0498,58.8,88,100,5.75,CL,1732331541
211,petropavlovsk-kamchatsky,53.0452,158.6483,28.99,51,0,6.71,RU,1732331579
212,al kharijah,25.4514,30.5464,62.06,42,0,7.67,EG,1732331581
213,mugia,43.1041,-9.2179,61.92,90,98,25.34,ES,1732331582
214,haisyn,48.8114,29.3898,33.13,93,100,16.46,UA,1732331583
215,kaitong,44.8135,123.15,31.1,31,26,9.89,CN,1732331584
216,recani,31.2846,-4.2688,60.57,35,0,6.15,MA,1732331585
217,inhambane,-23.865,35.3833,75.11,88,74,7.43,MZ,1732331587
218,douz,33.4663,9.0203,62.2,67,94,15.55,TN,1732331589
219,dryden,49.7833,-92.7503,28.69,93,100,8.05,CA,1732331590
220,tazovsky,67.4667,78.7,11.55,94,100,18.7,RU,1732331592
221,fortaleza,-3.7227,-38.5247,81.21,78,20,5.75,BR,1732331368
222,broken hill,-31.95,141.4333,93.72,22,100,13.78,AU,1732331594
223,juan griego,11.0817,-63.9655,80.02,88,70,8.68,VE,1732331595
224,daye,30.0833,114.95,60.53,46,49,7.56,CN,1732331596
225,santa terezinha,-29.9002,-50.0904,66.38,89,99,19.75,BR,1732331597
226,tazacorte,28.629,-17.9293,68.14,42,0,8.99,ES,1732331599
227,dzuunharaa,48.8523,106.4579,21.9,71,5,1.54,MN,1732331600
228,barra de santo antonio,-9.4047,-35.5072,76.75,80,68,14.23,BR,1732331601
229,thunder bay,48.4001,-89.3168,34.52,79,70,7.31,CA,1732331461
230,colac,-38.3333,143.5833,85.46,35,100,25.5,AU,1732331603
231,kintinku,-5.8833,35.2333,74.64,65,99,1.95,TZ,1732331605
232,warwick,41.7001,-71.4162,43.45,86,100,3.44,US,1732331450
233,ancud,-41.8697,-73.8203,53.71,95,96,10.69,CL,1732331607
234,nha trang,12.25,109.1833,82.4,71,100,10.18,VN,1732331608
235,bikenibeu village,1.3673,173.1241,87.76,66,75,12.66,KI,1732331611
236,pimentel,-6.8367,-79.9342,64.69,94,20,12.66,PE,1732331612
237,lviv,49.8383,24.0232,27.21,95,100,10.98,UA,1732331584
238,arkhangel'sk,64.5401,40.5433,33.91,69,75,13.42,RU,1732331616
239,vila franca do campo,37.7167,-25.4333,68.41,99,100,13.65,PT,1732331617
240,strezhevoy,60.7333,77.5889,17.71,92,100,11.5,RU,1732331618
241,maceio,-9.6658,-35.7353,76.44,88,20,5.75,BR,1732331619
242,ulety,51.3572,112.4849,21.96,87,100,2.08,RU,1732331621
243,kailua-kona,19.6406,-155.9956,78.76,83,100,4.61,US,1732331622
244,staraya mayna,54.6,48.95,32.11,81,100,8.95,RU,1732331623
245,akureyri,65.6835,-18.0878,28.33,80,75,1.14,IS,1732331624
246,selizharovo,56.8519,33.4487,29.68,93,100,5.84,RU,1732331625
247,miri,4.4148,114.0089,86.09,79,100,5.57,MY,1732331627
248,kpalime,6.9,0.6333,73.45,86,77,0.96,TG,1732331629
249,bahia de caraquez,-0.6,-80.4167,72.68,79,77,9.46,EC,1732331596
250,juneau,58.3019,-134.4197,26.42,100,0,11.81,US,1732331633
251,paita,-5.0892,-81.1144,65.46,85,33,11.72,PE,1732331634
252,forquilha,-3.7983,-40.2606,78.19,69,1,6.13,BR,1732331635
253,mejit,10.2753,170.8646,82.87,81,100,18.61,MH,1732331636
254,tangalle,6.024,80.7911,78.69,83,100,4.5,LK,1732331637
255,opuwo,-18.0607,13.84,73.49,42,14,2.06,NA,1732331639
256,quellon,-43.1167,-73.6167,51.42,92,99,6.42,CL,1732331640
257,souillac,-20.5167,57.5167,79.18,89,75,13.8,MU,1732331641
258,coahuayana de hidalgo,18.7,-103.6583,76.37,90,19,2.06,MX,1732331642
259,kavaratti,10.5669,72.642,81.23,77,99,9.51,IN,1732331643
260,torun,53.0137,18.5981,33.15,91,83,1.99,PL,1732331645
261,mil'kovo,55.6078,37.7956,33.31,63,100,17.18,RU,1732331646
262,kodar,16.9833,79.9667,71.1,69,33,4.12,IN,1732331647
263,gdov,58.7406,27.8122,31.53,69,25,16.58,RU,1732331648
264,beberibe,-4.1797,-38.1306,77.9,79,70,9.26,BR,1732331650
265,eyl,7.9803,49.8164,75.56,74,40,10.54,SO,1732331651
266,rongelap,11.1635,166.8941,83.17,76,16,19.46,MH,1732331652
267,al wajh,26.2455,36.4525,66.15,48,0,4.61,SA,1732331654
268,labrador city,52.9463,-66.9114,22.17,82,100,11.01,CA,1732331655
269,kirakira,-10.4544,161.9205,85.26,71,52,7.11,SB,1732331656
270,svetlyy,54.675,20.1347,37.06,75,96,29.48,RU,1732331657
271,nago,26.5881,127.9761,71.83,57,4,10.78,JP,1732331660
272,saddiqabad,28.3062,70.1307,71.08,31,0,6.93,PK,1732331662
273,remire-montjoly,4.9167,-52.2667,77.04,94,0,0.0,GF,1732331663
274,villa regina,-39.1,-67.0667,73.98,20,98,1.99,AR,1732331665
275,konotop,51.2403,33.2026,40.5,98,100,12.86,UA,1732331666
276,marang,5.2056,103.2059,81.93,88,100,1.48,MY,1732331624
277,tateyama,34.9833,139.8667,57.07,48,27,21.5,JP,1732331668
278,waingapu,-9.6567,120.2641,90.01,57,85,14.7,ID,1732331669
279,meulaboh,4.1363,96.1285,77.67,90,100,9.04,ID,1732331671
280,kuta,-8.7233,115.1723,89.55,74,20,6.91,ID,1732331672
281,vilhena,-12.7406,-60.1458,69.17,99,100,0.56,BR,1732331673
282,suva,-18.1416,178.4415,83.68,74,75,11.5,FJ,1732331480
283,fale old settlement,-9.3852,-171.2468,84.0,71,89,17.05,TK,1732331675
284,daru,-9.0763,143.2092,85.46,73,90,12.28,PG,1732331677
285,kenora,49.8167,-94.4337,25.77,93,100,8.05,CA,1732331678
286,roma,43.2128,-75.4557,34.36,97,20,1.01,US,1732331561
287,maardu,59.4767,25.025,28.4,73,40,10.36,EE,1732331680
288,nova vicosa,-17.8919,-39.3719,75.38,93,100,10.11,BR,1732331620
289,hammerfest,70.6634,23.6821,36.05,87,75,3.44,NO,1732331683
290,bouca,6.5105,18.2733,66.78,48,8,3.51,CF,1732331684
291,new norfolk,-42.7826,147.0587,78.93,35,100,0.94,AU,1732331685
292,chignahuapan,19.8333,-98.0333,43.2,93,66,1.19,MX,1732331686
293,palasa,18.7667,84.4167,75.16,64,35,4.7,IN,1732331687
294,najera,42.4244,-2.734,43.41,73,100,4.7,ES,1732331689
295,hedaru,-4.5,37.9,73.02,86,99,3.04,TZ,1732331690
296,noumea,-22.2763,166.4572,84.0,99,100,17.72,NC,1732331691
297,sao jose da coroa grande,-8.8978,-35.1478,76.71,83,35,12.35,BR,1732331692
298,turkmenbasy,40.0222,52.9552,43.57,75,0,6.91,TM,1732331693
299,choibalsan,48.0667,114.5,32.5,48,8,7.85,MN,1732331695
300,aioun,16.6614,-9.6149,73.42,14,91,8.81,MR,1732331696
301,torquay,50.4638,-3.5143,44.74,83,100,27.78,GB,1732331697
302,walvis bay,-22.9575,14.5053,58.21,92,0,9.1,NA,1732331453
303,lerwick,60.1545,-1.1494,35.08,62,8,1.81,GB,1732331701
304,worland,44.0169,-107.9554,36.05,60,0,0.0,US,1732331702
305,poronaysk,49.2167,143.1167,27.79,46,100,21.77,RU,1732331703
306,pacific grove,36.6177,-121.9166,62.71,92,100,15.01,US,1732331704
307,gora kalwaria,51.9765,21.2154,32.38,93,67,8.99,PL,1732331706
308,noosa heads,-26.3833,153.15,74.25,63,1,12.73,AU,1732331707
309,laojunmiao,39.8333,97.7333,31.19,41,100,2.51,CN,1732331708
310,abra pampa,-22.7205,-65.697,51.93,74,100,6.6,AR,1732331709
311,bathsheba,13.2167,-59.5167,83.01,89,40,16.11,BB,1732331711
312,sawai madhopur,25.9833,76.3667,66.29,35,0,3.0,IN,1732331712
313,argostolion,38.1811,20.489,60.19,72,89,20.67,GR,1732331713
314,okhotsk,59.3833,143.3,8.13,65,74,15.73,RU,1732331714
315,maumere,-8.6199,122.2111,88.34,61,90,1.79,ID,1732331717
316,pangoa,-12.1167,-73.0,67.32,96,24,3.18,PE,1732331718
317,plastun,44.7561,136.2939,31.48,42,0,9.75,RU,1732331719
318,sergeyevka,53.88,67.4158,18.95,86,5,10.13,KZ,1732331720
319,udalguri,26.7667,92.1333,67.73,59,16,5.57,IN,1732331566
320,eydhafushi,5.1033,73.0708,79.83,80,98,5.46,MV,1732331723
321,maputo,-25.9653,32.5892,74.12,85,83,5.82,MZ,1732331700
322,ostersund,63.1792,14.6357,19.85,79,86,16.11,SE,1732331510
323,salo,45.6086,10.531,35.69,52,1,6.31,IT,1732331726
324,boa vista,2.8197,-60.6733,84.18,65,20,6.91,BR,1732331726
325,nuuk,64.1835,-51.7216,25.41,50,13,20.71,GL,1732331729
326,zouerate,22.7187,-12.4521,75.09,18,35,4.21,MR,1732331730
327,puerto baquerizo moreno,-0.9,-89.6,72.19,75,30,12.86,EC,1732331731
328,langepas,61.2544,75.2124,18.9,94,100,11.32,RU,1732331732
329,fort st. john,56.2499,-120.8529,-0.51,85,100,8.05,CA,1732331735
330,pudozh,61.8099,36.5345,30.16,96,100,12.57,RU,1732331736
331,wotho,10.1657,166.0102,83.32,79,55,19.42,MH,1732331737
332,jogeva,58.7467,26.3939,28.15,79,90,8.61,EE,1732331738
333,hola,51.5377,23.1902,27.52,87,100,7.07,PL,1732331740
334,enriquillo,17.9,-71.2333,73.65,76,98,4.09,DO,1732331741
335,uruacu,-14.5247,-49.1408,72.39,91,93,2.71,BR,1732331742
336,lihue,21.9789,-159.3672,76.59,63,0,9.22,US,1732331743
337,atamyrat,37.8357,65.2106,51.82,63,0,6.85,TM,1732331746
338,cortland,42.6001,-76.083,35.73,95,100,0.0,US,1732331701
339,naliya,23.2667,68.8333,74.16,58,8,3.76,IN,1732331748
340,taulaga,-11.0553,-171.0883,83.48,75,99,9.64,AS,1732331749
341,turaif,31.6725,38.6637,50.25,66,0,9.22,SA,1732331751
342,bel ombre,-4.6167,55.4167,82.24,74,40,3.44,SC,1732331752
343,atlanta,33.749,-84.388,43.74,66,0,6.91,US,1732331547
344,qarqaraly,49.4058,75.4742,7.74,94,40,3.4,KZ,1732331754
345,luwuk,-0.9516,122.7875,82.42,74,100,3.06,ID,1732331755
346,delijan,33.9905,50.6838,48.54,30,16,1.03,IR,1732331757
347,esmeralda,21.8525,-78.1169,64.83,69,88,6.53,CU,1732331758
348,cidreira,-30.1811,-50.2056,66.56,88,100,18.9,BR,1732331473
349,kununurra,-15.7667,128.7333,98.58,41,40,4.61,AU,1732331503
350,nuku'alofa,-21.1333,-175.2,80.94,69,20,11.5,TO,1732331761
351,ischia porto,40.7333,13.95,54.66,76,35,17.0,IT,1732331763
352,primero de mayo,-32.2552,-58.4228,66.81,81,0,11.65,AR,1732331764
353,barah,13.7,30.3667,65.48,23,0,9.91,SD,1732331765
354,coxen hole,16.3244,-86.5366,76.28,65,20,5.75,HN,1732331548
355,smithers,54.7804,-127.1743,23.32,80,20,0.0,CA,1732331767
356,bardai,11.65,7.2333,62.29,21,83,9.17,NG,1732331769
357,bayji,34.9311,43.487,59.7,61,5,9.01,IQ,1732331770
358,bafoulabe,13.8065,-10.8321,73.76,17,92,3.09,ML,1732331771
359,itaituba,-4.2761,-55.9836,79.07,70,96,2.33,BR,1732331772
360,sirte,31.2089,16.5887,67.91,50,0,7.63,LY,1732331773
361,larbaa,36.5647,3.1543,56.25,94,75,1.14,DZ,1732331775
362,vorgashor,67.5833,63.95,18.63,95,92,15.14,RU,1732331776
363,la paz,-16.5,-68.15,49.98,87,75,8.05,BO,1732331494
364,pisco,-13.7,-76.2167,66.25,82,0,8.05,PE,1732331781
365,sao joao da barra,-21.6403,-41.0511,72.75,83,100,17.65,BR,1732331782
366,muswellbrook,-32.2667,150.9,89.73,21,0,5.3,AU,1732331783
367,choyr,46.3611,108.3611,27.46,40,8,3.44,MN,1732331785
368,ponta delgada,37.7333,-25.6667,68.72,94,40,12.66,PT,1732331786
369,kuusamo,65.9667,29.1833,24.84,93,100,16.11,FI,1732331787
370,alice springs,-23.7,133.8833,98.15,18,100,9.22,AU,1732331788
371,newman,37.3138,-121.0208,64.06,72,100,1.99,US,1732331789
372,alo,6.5486,4.2686,76.86,87,55,2.48,NG,1732331791
373,samamiya,11.3487,9.6399,61.18,28,17,3.6,NG,1732331793
374,bodo,67.28,14.405,33.84,93,75,31.07,NO,1732331794
375,atherton,53.5237,-2.4935,37.54,95,100,8.5,GB,1732331795
376,ta`u,-14.2336,-169.5144,80.89,83,100,19.35,AS,1732331797
377,areia branca,-4.9561,-37.1369,78.1,79,43,15.19,BR,1732331798
378,sinabang,2.4803,96.3801,78.33,90,100,4.81,ID,1732331799
379,tidjikja,18.5564,-11.4271,72.63,16,32,11.61,MR,1732331800
380,toliara,-23.35,43.6667,74.8,80,2,7.05,MG,1732331801
381,port moresby,-9.4431,147.1797,89.02,66,75,10.36,PG,1732331803
382,mana,5.6592,-53.7767,79.03,87,97,9.44,GF,1732331804
383,lady frere,-31.7031,27.2329,65.32,81,97,3.51,ZA,1732331805
384,marsberg,51.4617,8.8495,33.98,83,35,7.81,DE,1732331806
385,san jose del guaviare,2.5729,-72.6459,71.65,99,72,1.88,CO,1732331807
386,weno,7.4515,151.8468,89.55,74,100,11.5,FM,1732331809
387,shingu,33.7333,135.9833,55.49,46,43,8.14,JP,1732331810
388,yelizovo,53.1873,158.3805,30.34,51,0,6.71,RU,1732331625
389,el calafate,-50.3408,-72.2768,45.97,61,23,18.88,AR,1732331812
390,copala,16.65,-98.9833,76.66,87,71,3.15,MX,1732331813
391,kidal,18.4411,1.4078,71.91,13,0,7.99,ML,1732331814
392,tome acu,-2.4189,-48.1522,77.47,67,1,4.54,BR,1732331816
393,qaqortoq,60.7167,-46.0333,14.47,64,57,8.79,GL,1732331817
394,berberati,4.2612,15.7922,66.81,58,37,2.17,CF,1732331818
395,itaueira,-7.6033,-43.0256,78.33,70,31,3.31,BR,1732331763
396,livingston,55.9029,-3.5226,34.88,86,100,5.32,GB,1732331820
397,yung shue wan,22.2333,114.1167,69.67,69,100,1.99,HK,1732331822
398,sinop,41.7711,34.8709,52.75,80,3,18.12,TR,1732331823
399,mukalla,14.5425,49.1242,77.32,76,43,8.43,YE,1732331824
400,les anglais,18.3054,-74.2197,74.71,82,69,2.35,HT,1732331825
401,trzemeszno,52.5614,17.8231,31.87,89,87,15.37,PL,1732331827
402,togur,58.3631,82.8265,9.99,83,100,7.18,RU,1732331828
403,san juan,-31.5375,-68.5364,79.38,41,0,24.61,AR,1732331829
404,tanda,26.55,82.65,66.9,34,0,2.89,IN,1732331830
405,yurgamysh,55.3714,64.4656,23.18,82,60,10.45,RU,1732331831
406,bondo,3.8146,23.6866,69.1,87,100,1.48,CD,1732331832
407,vallenar,-28.5708,-70.7581,67.59,48,4,2.48,CL,1732331824
408,filadelfia,39.9523,-75.1638,39.45,95,100,10.36,US,1732331813
409,hwange,-18.3693,26.5019,78.89,35,64,5.03,ZW,1732331836
410,isangel,-19.55,169.2667,80.71,94,100,2.3,VU,1732331837
411,kirensk,57.7853,108.1119,20.59,82,72,13.04,RU,1732331839
412,dunedin,-45.8742,170.5036,50.81,75,92,3.0,NZ,1732331840
413,vila velha,-20.3297,-40.2925,75.15,83,75,16.11,BR,1732331841
414,sitia,35.2,26.0986,65.82,81,6,10.67,GR,1732331842
415,sarangani,5.4033,125.4636,82.94,80,100,25.34,PH,1732331843
416,vilyuysk,63.7553,121.6247,11.89,95,100,10.27,RU,1732331844
417,valdivia,-39.8142,-73.2459,55.49,98,100,0.67,CL,1732331643
418,del rio,29.3627,-100.8968,64.51,44,0,8.05,US,1732331756
419,ayaviri,-14.8864,-70.5889,51.91,64,99,3.27,PE,1732331849
420,marsa alam,25.0757,34.8918,70.56,45,0,7.38,EG,1732331773
421,shar,49.5886,81.0453,15.3,96,100,5.7,KZ,1732331852
422,port blair,11.6667,92.75,86.04,74,75,9.22,IN,1732331853
423,lompoc,34.6391,-120.4579,57.61,83,75,4.61,US,1732331809
424,yaren,-0.5472,166.916,82.44,77,84,11.99,NR,1732331857
425,pangai,-19.8,-174.35,78.91,83,40,11.5,TO,1732331858
426,arkalyk,50.2486,66.9114,21.06,77,1,9.93,KZ,1732331859
427,mossel bay,-34.1831,22.146,64.33,77,100,7.0,ZA,1732331860
428,astorga,-23.2325,-51.6656,72.39,68,100,12.06,BR,1732331862
429,aripuana,-9.1667,-60.6333,72.46,99,100,2.66,BR,1732331863
430,polyarnyy,69.1989,33.4478,27.75,76,49,30.76,RU,1732331864
431,al jawf,29.5,38.75,57.45,59,0,7.38,SA,1732331865
432,puerto deseado,-47.7503,-65.8938,62.19,40,0,22.24,AR,1732331866
433,praia da vitoria,38.7333,-27.0667,68.25,83,40,23.49,PT,1732331868
434,kati,12.7441,-8.0726,60.21,24,15,2.66,ML,1732331869
435,lodja,-3.4833,23.4333,69.22,99,100,1.57,CD,1732331870
436,bryne,58.7354,5.6477,31.95,95,75,9.22,NO,1732331871
437,amga,60.8953,131.9608,-2.2,94,54,2.08,RU,1732331872
438,sola,-13.8833,167.55,81.27,89,75,0.0,VU,1732331873
439,bubaque,11.2833,-15.8333,82.67,66,43,8.46,GW,1732331875
440,volksrust,-27.3654,29.8818,55.33,76,83,3.33,ZA,1732331876
441,lima,-12.0432,-77.0282,67.89,83,75,13.8,PE,1732331758
442,hadibu,12.65,54.0333,77.4,74,85,9.35,YE,1732331880
443,kirkuk,35.4681,44.3922,57.56,56,57,7.05,IQ,1732331881
444,valera,9.3178,-70.6036,72.32,94,100,5.61,VE,1732331882
445,alappuzha,9.49,76.3264,79.34,82,99,4.38,IN,1732331883
446,brandon,27.9378,-82.2859,58.93,86,0,0.0,US,1732331884
447,karratha,-20.7377,116.8463,90.64,35,14,11.77,AU,1732331886
448,barabai,-2.5833,115.3833,88.23,69,64,2.01,ID,1732331887
449,playa del ingles,27.7567,-15.5787,75.4,26,0,4.5,ES,1732331769
450,al khafji,28.4391,48.4913,69.08,52,47,16.4,SA,1732331889
451,saipan,15.1355,145.701,88.5,79,40,17.27,MP,1732331890
452,nagqu,31.5,92.0,26.47,18,100,2.91,CN,1732331891
453,tostado,-29.232,-61.7692,70.99,73,2,7.78,AR,1732331893
454,new plymouth,-39.0667,174.0833,56.32,100,100,17.69,NZ,1732331894
455,howrah,22.5892,88.3103,73.4,64,20,6.91,IN,1732331895
456,kulhudhuffushi,6.6221,73.07,79.52,81,100,10.18,MV,1732331896
457,nyala,12.05,24.8833,65.08,22,0,13.98,SD,1732331897
458,obsharovka,53.125,48.8531,35.71,97,96,6.17,RU,1732331899
459,panaba,21.2833,-88.2667,65.48,69,6,3.87,MX,1732331900
460,chibougamau,49.9168,-74.3659,37.02,81,100,9.22,CA,1732331839
461,mahina,-17.5065,-149.489,83.97,74,75,11.5,PF,1732331902
462,dudinka,69.4058,86.1778,-5.37,98,94,10.63,RU,1732331903
463,lagoa,39.05,-27.9833,65.34,89,100,30.42,PT,1732331905
464,qamdo,31.1667,97.2333,31.1,32,100,7.9,CN,1732331907
465,saskatoon,52.1168,-106.6345,-0.02,84,20,5.75,CA,1732331866
466,adh dhibiyah,24.5014,45.9686,62.19,57,75,9.1,SA,1732331910
467,alma,48.5501,-71.6491,37.06,82,100,7.58,CA,1732331663
468,patacamaya,-17.2333,-67.9167,46.44,86,93,7.94,BO,1732331912
469,saint-pierre,-21.3393,55.4781,78.48,83,0,3.44,RE,1732331904
470,midvagur,62.0511,-7.1939,29.23,74,52,2.3,FO,1732331914
471,luderitz,-26.6481,15.1594,58.62,86,0,11.72,NA,1732331916
472,tralee,52.2704,-9.7026,54.97,91,100,18.68,IE,1732331917
473,taro,-8.3862,115.28,86.16,56,90,3.31,ID,1732331918
474,geraldton,-28.7667,114.6,81.01,39,0,10.42,AU,1732331919
475,castillos,-34.1667,-53.8333,62.58,90,0,7.9,UY,1732331920
476,axim,4.8699,-2.2405,78.87,83,98,5.12,GH,1732331922
477,quepos,9.4236,-84.1652,77.5,86,82,2.39,CR,1732331923
478,tara,56.8944,74.371,14.09,92,63,6.62,RU,1732331924
479,selfoss,63.9331,-20.9971,22.41,63,78,14.29,IS,1732331925
480,betio village,1.358,172.9211,87.84,72,96,14.23,KI,1732331926
481,susuman,62.7833,148.1667,-30.14,99,79,0.74,RU,1732331928
482,tambura,5.6,27.4667,70.59,47,83,2.1,SS,1732331929
483,lobujya,27.95,86.8167,14.0,54,0,4.68,NP,1732331930
484,hasaki,35.7333,140.8333,56.73,41,100,16.67,JP,1732331933
485,minot air force base,48.4209,-101.3391,21.38,86,20,13.8,US,1732331934
486,sambava,-14.2667,50.1667,75.13,81,0,5.35,MG,1732331935
487,padangsidempuan,1.3667,99.2667,73.4,98,100,1.54,ID,1732331936
488,ilhabela,-23.7781,-45.3581,70.45,92,89,10.11,BR,1732331938
489,kogalym,62.2654,74.4791,18.7,94,100,18.34,RU,1732331939
490,jayapura,-2.5333,140.7,88.99,73,95,4.83,ID,1732331940
491,corner brook,48.9667,-57.9484,37.13,86,100,11.25,CA,1732331708
492,namibe,-15.1961,12.1522,70.93,81,100,2.55,AO,1732331942
493,piti village,13.4626,144.6933,88.68,74,40,14.97,GU,1732331943
494,bac lieu,9.285,105.7244,85.42,68,100,13.18,VN,1732331945
495,tilisarao,-32.7329,-65.2911,70.99,46,0,4.09,AR,1732331946
496,misratah,32.3754,15.0925,68.86,62,2,11.34,LY,1732331947
497,bobo-dioulasso,11.1771,-4.2979,64.85,45,0,4.61,BF,1732331948
498,matonga,-2.3833,34.0833,65.1,91,79,1.12,TZ,1732331950
499,oxelosund,58.6706,17.1015,16.18,92,0,6.91,SE,1732331951
500,benjamin aceval,-24.9667,-57.5667,78.21,64,97,3.67,PY,1732331952
501,montenero di bisaccia,41.9651,14.7814,42.94,75,70,6.69,IT,1732331954
502,broome,42.2506,-75.833,33.89,96,75,6.91,US,1732331956
503,fallon,39.4735,-118.7774,55.27,38,100,5.75,US,1732331957
504,karachi,24.9056,67.0822,69.62,88,1,4.61,PK,1732331958
505,dauphin,51.1494,-100.0502,12.34,73,0,16.11,CA,1732331959
506,funafuti,-8.5243,179.1942,89.6,74,75,5.75,TV,1732331960
507,pesqueira,-8.3578,-36.6964,68.36,79,33,5.39,BR,1732331926
508,decorah,43.3033,-91.7857,32.92,100,100,5.75,US,1732331963
509,balykshi,47.0667,51.8667,33.8,93,20,13.42,KZ,1732331964
510,solnechnyy,50.7214,136.6319,23.02,62,15,2.44,RU,1732331966
511,trujillo,-8.116,-79.03,62.56,88,20,6.91,PE,1732331967
512,benxi,41.2886,123.765,37.53,26,3,1.57,CN,1732331968
513,estevan,49.1334,-102.9842,14.2,85,100,11.5,CA,1732331969
514,burao,9.5221,45.5336,67.59,67,42,7.9,SO,1732331728
515,fish town,5.1964,-7.8756,71.67,99,56,0.29,LR,1732331972
516,poso,-1.3959,120.7524,87.89,61,70,6.33,ID,1732331973
517,usogorsk,63.4106,48.6872,29.86,81,99,12.12,RU,1732331974
518,kharp,66.8014,65.8081,19.09,96,100,5.01,RU,1732331976
519,kpandae,8.4689,-0.0113,73.56,31,28,4.54,GH,1732331977
520,gweru,-19.45,29.8167,67.64,51,77,6.08,ZW,1732331978
521,saudarkrokur,65.7461,-19.6394,16.56,88,18,4.54,IS,1732331979
522,hami,42.8,93.45,35.73,86,100,8.5,CN,1732331980
523,novo aripuana,-5.1206,-60.3797,75.18,95,100,3.13,BR,1732331981
524,ipua,-20.4381,-48.0122,69.49,92,63,6.2,BR,1732331984
525,olney,39.1532,-77.0669,42.42,88,100,13.8,US,1732331986
526,davydovka,51.1578,39.4292,40.78,64,100,23.06,RU,1732331988
527,alotau,-10.3069,150.4462,88.0,60,99,5.66,PG,1732331989
528,matthew town,20.95,-73.6667,76.46,84,11,9.71,BS,1732331990
529,soto la marina,23.7667,-98.2167,64.15,85,0,5.5,MX,1732331991
530,san luis de la loma,17.2706,-100.8939,78.49,88,28,2.93,MX,1732331995
531,fortuna,40.5982,-124.1573,52.93,92,100,5.75,US,1732331996
532,labytnangi,66.6572,66.4183,18.37,96,100,7.94,RU,1732331852
533,bandar abbas,27.1865,56.2808,75.18,88,40,6.91,IR,1732331998
534,dakhla,23.6848,-15.958,68.63,79,93,2.8,EH,1732332000
535,viedma,-40.8135,-62.9967,74.91,38,98,13.58,AR,1732331826
536,portland,45.5234,-122.6762,52.03,83,75,7.0,US,1732331835
537,nikol'sk,53.7189,46.0712,32.32,86,100,12.46,RU,1732332003
538,belyy yar,53.6039,91.3903,12.09,52,0,6.71,RU,1732332004
539,bandarbeyla,9.4942,50.8122,77.07,75,95,13.44,SO,1732332006
540,buala,-8.145,159.5921,85.44,71,60,5.61,SB,1732332007
541,gokwe,-18.2048,28.9349,70.47,41,75,7.11,ZW,1732332008
542,pasni,25.2631,63.471,74.97,61,3,5.26,PK,1732332009
543,shakawe,-18.3667,21.85,75.58,51,84,4.97,BW,1732332010
544,crediton,50.7833,-3.65,46.49,93,40,5.75,GB,1732332012
545,mount pearl,47.5166,-52.7813,40.96,97,100,10.36,CA,1732332013
546,midoun,33.8081,10.9923,68.81,69,100,21.7,TN,1732332014
547,kula,38.5473,28.6498,50.14,82,19,11.5,TR,1732332015
548,tozeur,33.9197,8.1335,61.2,44,20,17.27,TN,1732332016
549,whakatane,-37.9585,176.9854,66.0,58,100,6.46,NZ,1732332018
550,keflavik,64.0049,-22.5624,28.83,69,0,21.85,IS,1732332019
551,lelystad,52.5083,5.475,36.09,92,100,4.0,NL,1732331767
552,balan,46.6505,25.8083,18.41,97,81,4.65,RO,1732332022
553,king city,36.2127,-121.126,62.89,79,100,13.02,US,1732331927
554,zabaykal'sk,49.6333,117.3167,24.17,85,100,6.24,RU,1732332025
555,mohgaon,21.65,78.7167,65.5,43,3,2.33,IN,1732331953
556,el bauga,18.262,33.9081,68.0,31,5,10.27,SD,1732332027
557,kapa'a,22.0752,-159.319,77.32,68,0,9.22,US,1732332029
558,kayes,14.0,-11.0,74.19,16,100,3.71,ML,1732332030
559,la mira,18.035,-102.3266,77.18,87,12,3.71,MX,1732332031
560,burang,30.25,81.1667,26.62,28,1,6.42,CN,1732332032
561,valle de la pascua,9.2155,-66.0073,76.91,75,84,3.85,VE,1732332033
562,katabu,-4.9333,122.5167,93.24,45,85,5.21,ID,1732332035
563,verkhnevilyuysk,63.4453,120.3167,21.34,96,100,5.97,RU,1732332036
564,manga,11.6636,-1.0731,69.73,20,0,7.25,BF,1732331755
565,laibin,23.7,109.2667,67.05,55,1,6.38,CN,1732332038
566,mount isa,-20.7333,139.5,96.57,34,49,10.36,AU,1732332040
567,rundu,-17.9333,19.7667,72.93,62,97,3.06,NA,1732332041
568,mangaratiba,-22.9597,-44.0406,70.5,92,76,6.58,BR,1732332042
569,tubarjal,30.4999,38.216,57.16,60,0,8.16,SA,1732332043
570,vytegra,61.0064,36.4481,30.04,86,100,14.52,RU,1732332044
571,kapuskasing,49.4169,-82.4331,35.69,100,100,6.91,CA,1732332046
572,halmstad,56.6745,12.8568,34.02,75,11,14.97,SE,1732332047
573,idabel,33.8957,-94.8263,42.75,100,20,0.0,US,1732332048
574,chenzhou,25.8,113.0333,60.21,71,97,1.59,CN,1732332049
575,emmett,43.8735,-116.4993,54.57,46,100,10.22,US,1732332050
576,oral,51.2333,51.3667,33.78,86,100,15.66,KZ,1732332052
577,hinton,53.4001,-117.5857,12.63,95,100,2.91,CA,1732332053
578,caleta olivia,-46.4393,-67.5281,61.61,41,0,25.57,AR,1732332054
579,vangaindrano,-23.35,47.6,73.87,81,8,1.63,MG,1732332055
